Mat Code,Wagon No
471310010332500,SER55070161847  
471310010332500,SER55070161847  
471310010332500,SER55070161847  
471310010332500,NCR94131810560  
471310010332500,NCR94131810560  
471310010332500,NCR94131810560  
471310010332500,NCR94131810560  
471310010332500,NCR94131810560  
471310010332500,NCR94131810560  
471310010332500,NCR94131810560  
471310010332500,NCR94131810560  
471310010332500,NCR94131810560  
471310010332500,NCR94131810560  
471310010332500,NCR94131810560  
471310010332500,ECOR56120642279 
471310010332500,ECOR56120642279 
471310010332500,ECOR56120642279 
471310010332500,ECOR56120642279 
471310010332500,ECOR56120642279 
471310010332500,ECOR56120642279 
471310010332500,ECOR56120642279 
471310010332500,ECOR56120642279 
471310010332500,ECOR56120642279 
471310010332500,ECOR56120642279 
151200025800300,SCR57091810261  
151200025800300,SCR57091810261  
151200025800300,SCR57091810261  
151200025800300,SCR57091810261  
151200025800300,SCR57091810261  
151200025800300,SCR57091810261  
151200025800300,SCR57091810261  
151200025800300,SCR57091810261  
151200025800300,SCR57091810261  
151200025800300,SCR57091810261  
151200025800300,SCR57091810261  
151200025800300,SER94072310525  
151200025800300,SER94072310525  
151200025800300,SER94072310525  
151200025800300,SER94072310525  
151200025800300,SER94072310525  
151200025800300,SER94072310525  
151200025800300,SER94072310525  
151200025800300,SER94072310525  
151200025800300,SER94072310525  
151200025800300,SER94072310525  
471310010332500,ECOR94122111607 
471310010332500,ECOR94122111607 
471310010332500,ECOR94122111607 
471310010332500,ECOR94122111607 
471310010332500,ECOR94122111607 
471310010332500,ECOR94122111607 
471310010332500,ECOR94122111607 
471310010332500,ECOR94122111607 
471310010332500,ECOR94122111607 
471310010332500,ECOR94122111607 
471310010332500,ECOR94122111607 
471310010332500,NER55040260488  
471310010332500,NER55040260488  
471310010332500,NER55040260488  
471310010332500,NER55040260488  
471310010332500,NER55040260488  
471310010332500,NER55040260488  
471310010332500,NER55040260488  
471310010332500,NER55040260488  
471310010332500,NER55040260488  
471310010332500,NER55040260488  
151200025800300,SER94072310471  
151200025800300,SER94072310471  
151200025800300,SER94072310471  
151200025800300,SER94072310471  
151200025800300,SER94072310471  
151200025800300,SER94072310471  
151200025800300,SER94072310471  
151200025800300,SER94072310471  
151200025800300,SER94072310471  
151200025800300,SER94072310471  
151200025800300,SCR94091710115  
151200025800300,SCR94091710115  
151200025800300,SCR94091710115  
151200025800300,SCR94091710115  
151200025800300,SCR94091710115  
151200025800300,SCR94091710115  
151200025800300,SCR94091710115  
151200025800300,SCR94091710115  
151200025800300,SCR94091710115  
151200025800300,SCR94091710115  
471310010332500,ER55020120351   
471310010332500,ER55020120351   
471310010332500,ER55020120351   
471310010332500,ER55020120351   
471310010332500,ER55020120351   
471310010332500,ER55020120351   
471310010332500,ER55020120351   
471310010332500,ER55020120351   
471310010332500,ER55020120351   
471310010332500,ER55020120351   
471310010332500,SECR94141593118 
471310010332500,SECR94141593118 
471310010332500,SECR94141593118 
471310010332500,SECR94141593118 
471310010332500,SECR94141593118 
471310010332500,SECR94141593118 
471310010332500,SECR94141593118 
471310010332500,SECR94141593118 
471310010332500,SECR94141593118 
471310010332500,SECR94141593118 
151200025800300,SER55079960861  
151200025800300,SER55079960861  
151200025800300,SER55079960861  
151200025800300,SER55079960861  
151200025800300,SER55079960861  
151200025800300,SER55079960861  
151200025800300,SER55079960861  
151200025800300,SER55079960861  
151200025800300,SER55079960861  
151200025800300,SER55079960861  
151200025800300,SER55079960861  
471310010332500,SER94072310532  
471310010332500,SER94072310532  
471310010332500,SER94072310532  
471310010332500,SER94072310532  
471310010332500,SER94072310532  
471310010332500,SER94072310532  
471310010332500,SER94072310532  
471310010332500,SER94072310532  
471310010332500,SER94072310532  
471310010332500,SER94072310532  
471310010332500,SER94072310532  
151200025800300,SER94071576359  
151200025800300,SER94071576359  
151200025800300,SER94071576359  
151200025800300,SER94071576359  
151200025800300,SER94071576359  
151200025800300,SER94071576359  
151200025800300,SER94071576359  
471310010332500,ECR94101711071  
471310010332500,ECR94101711071  
471310010332500,ECR94101711071  
471310010332500,ECR94101711071  
471310010332500,ECR94101711071  
471310010332500,ECR94101711071  
471310010332500,ECR94101711071  
471310010332500,ECR94101711071  
471310010332500,ECR94101711071  
471310010332500,ECR94101711071  
471310010332500,ECR94101711071  
471310010332500,SER55070161847  
471310010332500,SER55070161847  
471310010332500,SER55070161847  
471310010332500,SER55070161847  
471310010332500,SER55070161847  
471310010332500,SER55070161847  
471310010332500,SER55070161847  
451100032330200,SER55070063691  
451100032330200,SER55070063691  
451100032330200,SER55070063691  
451100032330200,SER55070063691  
451100032330200,SER55070063691  
451100032330200,SER55070063691  
451100032330200,SER55070063691  
451100032330200,SER55070063691  
451100032330200,SER55070063691  
451100032330200,SER55070063691  
451100032330200,SER55070063691  
451100032330200,SER55070063691  
151200025800300,SR94061711098   
151200025800300,SR94061711098   
151200025800300,SR94061711098   
151200025800300,SR94061711098   
151200025800300,SR94061711098   
151200025800300,SR94061711098   
151200025800300,SR94061711098   
151200025800300,SR94061711098   
151200025800300,SR94061711098   
151200025800300,SR94061711098   
151200025800300,SR94061711098   
171407777410100,WCR94161351484  
171407777410100,WCR94161351484  
171407777410100,WCR94161351484  
171407777410100,WCR94161351484  
171407777410100,WCR94161351484  
171407777410100,WCR94161351484  
171407777410100,WCR94161351484  
451100032400300,SER94071359136  
451100032400300,SER94071359136  
451100032400300,SER94071359136  
451100032400300,SER94071359136  
451100032400300,SER94071359136  
471310008332500,ER55020160470   
471310008332500,ER55020160470   
471310008332500,ER55020160470   
471310008332500,ER55020160470   
471310008332500,ER55020160470   
471310008332500,ER55020160470   
471310008332500,ER55020160470   
471310008332500,ER55020160470   
471310008332500,ER55020160470   
451100032330200,NCR94131363325  
451100032330200,NCR94131363325  
451100032330200,NCR94131363325  
451100032330200,NCR94131363325  
451100032330200,NCR94131363325  
451100032330200,NCR94131363325  
451100032330200,NCR94131363325  
451100032330200,NCR94131363325  
451100032330200,NCR94131363325  
451100032330200,NCR94131363325  
451100032330200,NCR94131363325  
451100032330200,NCR94131363325  
451100032330200,NCR94131363325  
451100032330200,NCR94131363325  
451100032330200,NCR94131363325  
451100032330200,NCR94131363325  
451100032400300,NR94031810400   
451100032400300,NR94031810400   
451100032400300,NR94031810400   
451100032400300,NR94031810400   
451100032400300,NR94031810400   
451100032400300,NR94031810400   
451100032400300,NR94031810400   
451100032400300,NR94031810400   
451100032400300,NR94031810400   
451100032400300,NR94031810400   
451100032400300,NR94031810400   
451100032400300,NR94031810400   
451100032400300,NR94031810400   
451100032400300,NR94031810400   
451100032400300,NR94031810400   
451100032400300,NR94031810400   
451100025330200,SECR57140324077 
451100025330200,SECR57140324077 
451100025330200,SECR57140324077 
451100025330200,SECR57140324077 
451100025330200,SECR57140324077 
451100025330200,SECR57140324077 
451100025330200,SECR57140324077 
451100025330200,SECR57140324077 
451100025330200,SECR57140324077 
451100025330200,SECR57140324077 
451100025330200,SECR57140324077 
451100025330200,SECR57140324077 
451100025330200,SECR57140324077 
451100025330200,SECR57140324077 
451100025330200,SECR57140324077 
451100025330200,SECR57140324077 
151200025800300,SECR94141217724 
151200025800300,SECR94141217724 
151200025800300,SECR94141217724 
151200025800300,SECR94141217724 
151200025800300,SECR94141217724 
151200025800300,SECR94141217724 
151200025800300,SECR94141217724 
151200025800300,SECR94141217724 
151200025800300,SECR94141217724 
451100032400300,SER94071359136  
451100032400300,SER94071359136  
451100032400300,SER94071359136  
451100032400300,SER94071359136  
451100032400300,SER94071359136  
451100032400300,SER94071359136  
451100032400300,SER94071359136  
451100032400300,SER94071359136  
451100032400300,SER94071359136  
451100032400300,SER94071359136  
451100032400300,SER94071359136  
151200025800300,SECR94141218226 
151200025800300,SECR94141218226 
151200025800300,SECR94141218226 
151200025800300,SECR94141218226 
151200025800300,SECR94141218226 
151200025800300,SECR94141218226 
151200025800300,SECR94141218226 
151200025800300,SECR94141218226 
151200025800300,SECR94141218226 
151200025800300,SECR94141218226 
151200025800300,SER94072310327  
151200025800300,SER94072310327  
151200025800300,SER94072310327  
151200025800300,SER94072310327  
151200025800300,SER94072310327  
151200025800300,SER94072310327  
151200025800300,SER94072310327  
151200025800300,SER94072310327  
151200025800300,SER94072310327  
151200025800300,SER94072310327  
151200025800300,SER94072310327  
471310008332500,ER55020160470   
471310008332500,ER55020160470   
151200025800300,SER94071576359  
151200025800300,SER94071576359  
151200025800300,SER94071576359  
151200025800300,SER94071576359  
151200025800300,SER94072310501  
151200025800300,SER94072310501  
151200025800300,SER94072310501  
151200025800300,SER94072310501  
151200025800300,SER94072310501  
151200025800300,SER94072310501  
151200025800300,SER94072310501  
151200025800300,SER94072310501  
151200025800300,SER94072310501  
151200025800300,SER94072310501  
471310010332500,SER94072310495  
471310010332500,SER94072310495  
471310010332500,SER94072310495  
471310010332500,SER94072310495  
471310010332500,SER94072310495  
471310010332500,SER94072310495  
471310010332500,SER94072310495  
471310010332500,SER94072310495  
471310010332500,SER94072310495  
471310010332500,SER94072310495  
471310010332500,SER94072310495  
151200025800300,SER94072310518  
151200025800300,SER94072310518  
151200025800300,SER94072310518  
151200025800300,SER94072310518  
151200025800300,SER94072310518  
151200025800300,SER94072310518  
151200025800300,SER94072310518  
151200025800300,SER94072310518  
151200025800300,SER94072310518  
151200025800300,SER94072310518  
471310008332500,SER94072310570  
471310008332500,SER94072310570  
471310008332500,SER94072310570  
471310008332500,SER94072310570  
471310008332500,SER94072310570  
471310008332500,SER94072310570  
471310008332500,SER94072310570  
471310008332500,SER94072310570  
471310008332500,SER94072310570  
151200025800300,SER94072310549  
151200025800300,SER94072310549  
151200025800300,SER94072310549  
151200025800300,SER94072310549  
151200025800300,SER94072310549  
151200025800300,SER94072310549  
151200025800300,SER94072310549  
151200025800300,SER94072310549  
151200025800300,SER94072310549  
151200025800300,SER94072310563  
151200025800300,SER94072310563  
151200025800300,SER94072310563  
151200025800300,SER94072310563  
151200025800300,SER94072310563  
151200025800300,SER94072310563  
151200025800300,SER94072310563  
151200025800300,SER94072310563  
151200025800300,SER94072310563  
151200025800300,SER94072310563  
451100032330200,ER94021329387   
451100032330200,ER94021329387   
451100032330200,ER94021329387   
451100032330200,ER94021329387   
451100032330200,ER94021329387   
451100032330200,ER94021329387   
451100032330200,ER94021329387   
451100032330200,ER94021329387   
451100032330200,ER94021329387   
451100032330200,ER94021329387   
451100032330200,ER94021329387   
451100032330200,ER94021329387   
451100032330200,ER94021329387   
451100032330200,ER94021329387   
451100032330200,ER94021329387   
451100032330200,ER94021329387   
451100032330200,ER94021329387   
451100032400300,ER94022110809   
451100032400300,ER94022110809   
451100032400300,ER94022110809   
451100032400300,ER94022110809   
451100032400300,ER94022110809   
451100032400300,ER94022110809   
451100032400300,ER94022110809   
451100032400300,ER94022110809   
451100032400300,ER94022110809   
451100032400300,ER94022110809   
451100032400300,ER94022110809   
451100032400300,ER94022110809   
451100032400300,ER94022110809   
451100032400300,ER94022110809   
451100032400300,ER94022110809   
451100032400300,ER94022110809   
451100032330200,SER55070063691  
451100032330200,SER55070063691  
451100032330200,SER55070063691  
451100032330200,SER55070063691  
451100032330200,SER55070063691  
151200025800300,SECR94141217724 
151200025800300,SECR94141217724 
151200025800300,NR94031711264   
151200025800300,NR94031711264   
151200025800300,NR94031711264   
151200025800300,NR94031711264   
151200025800300,NR94031711264   
151200025800300,NR94031711264   
151200025800300,NR94031711264   
151200025800300,NR94031711264   
151200025800300,NR94031711264   
151200025800300,NR94031711264   
151200025800300,NR94031711264   
151200025800300,ER94022110878   
151200025800300,ER94022110878   
151200025800300,ER94022110878   
151200025800300,ER94022110878   
151200025800300,ER94022110878   
151200025800300,ER94022110878   
151200025800300,ER94022110878   
151200025800300,ER94022110878   
151200025800300,ER94022110878   
151200025800300,ER94022110878   
151200025800300,ER94022110878   
471310010332500,SCR94092110532  
471310010332500,SCR94092110532  
471310010332500,SCR94092110532  
471310010332500,SCR94092110532  
471310010332500,SCR94092110532  
471310010332500,SCR94092110532  
471310010332500,SCR94092110532  
471310010332500,SCR94092110532  
471310010332500,SCR94092110532  
471310010332500,SCR94092110532  
471310010332500,SCR94092110532  
151200025800300,SER94071256336  
151200025800300,SER94071256336  
151200025800300,SER94071256336  
151200025800300,SER94071256336  
151200025800300,SER94071256336  
151200025800300,SER94071256336  
151200025800300,SER94071256336  
151200025800300,SER94071256336  
151200025800300,SER94071256336  
151200025800300,SER94071256336  
151200025800300,SER94071256336  
471310010332500,SECR55140313732 
471310010332500,SECR55140313732 
471310010332500,SECR55140313732 
471310010332500,SECR55140313732 
471310010332500,SECR55140313732 
471310010332500,SECR55140313732 
471310010332500,SECR55140313732 
471310010332500,SECR55140313732 
471310010332500,SECR55140313732 
471310010332500,SCR55090160103  
471310010332500,SCR55090160103  
471310010332500,SCR55090160103  
471310010332500,SCR55090160103  
471310010332500,SCR55090160103  
471310010332500,SCR55090160103  
471310010332500,SCR55090160103  
471310010332500,SCR55090160103  
471310010332500,SCR55090160103  
471310010332500,SCR55090160103  
151200025800300,SECR94141358175 
151200025800300,SECR94141358175 
151200025800300,SECR94141358175 
151200025800300,SECR94141358175 
151200025800300,SECR94141358175 
151200025800300,SECR94141358175 
151200025800300,SECR94141358175 
151200025800300,SECR94141358175 
151200025800300,SECR94141358175 
151200025800300,SECR94141358175 
471310010332500,NR55030121539   
471310010332500,NR55030121539   
471310010332500,NR55030121539   
471310010332500,NR55030121539   
471310010332500,NR55030121539   
471310010332500,NR55030121539   
471310010332500,NR55030121539   
471310010332500,NR55030121539   
471310010332500,NR55030121539   
471310010332500,NR55030121539   
151200025800300,NCR94131363349  
151200025800300,NCR94131363349  
151200025800300,NCR94131363349  
151200025800300,NCR94131363349  
151200025800300,NCR94131363349  
151200025800300,NCR94131363349  
151200025800300,NCR94131363349  
151200025800300,NCR94131363349  
151200025800300,NCR94131363349  
151200025800300,NCR94131363349  
