SNO,Indent No,Mat Code,Heat No,Wagon No,Bundle No
1,230672,4.71E+14,23F01059,SER55070161847  ,47B0000443389
2,230672,4.71E+14,23F01058,SER55070161847  ,47B0000443378
3,230672,4.71E+14,23F01058,SER55070161847  ,47B0000443382
4,230672,4.71E+14,23F01035,NCR94131810560  ,47B0000443847
5,230672,4.71E+14,,NCR94131810560  ,47B0000443849
6,230672,4.71E+14,23F01035,NCR94131810560  ,47B0000443845
7,230672,4.71E+14,23D00904,NCR94131810560  ,47B0000443502
8,230672,4.71E+14,23D00904,NCR94131810560  ,47B0000443501
9,230672,4.71E+14,23D00917,NCR94131810560  ,47B0000443853
10,230672,4.71E+14,23F01059,NCR94131810560  ,47B0000443388
11,230672,4.71E+14,23F01059,NCR94131810560  ,47B0000443387
12,230672,4.71E+14,23F01058,NCR94131810560  ,47B0000443383
13,230672,4.71E+14,,NCR94131810560  ,47B0000443385
14,230672,4.71E+14,23D00904,NCR94131810560  ,47B0000443506
15,230672,4.71E+14,23E00914,ECOR56120642279 ,47B0000442827
16,230672,4.71E+14,23E00914,ECOR56120642279 ,47B0000442825
17,230672,4.71E+14,23E00915,ECOR56120642279 ,47B0000442814
18,230672,4.71E+14,23E00915,ECOR56120642279 ,47B0000442812
19,230672,4.71E+14,23E00914,ECOR56120642279 ,47B0000442821
20,230672,4.71E+14,,ECOR56120642279 ,47B0000442820
21,230672,4.71E+14,23E00914,ECOR56120642279 ,47B0000442823
22,230672,4.71E+14,23E00906,ECOR56120642279 ,47B0000442959
23,230672,4.71E+14,23E00915,ECOR56120642279 ,47B0000442816
24,230672,4.71E+14,23E00914,ECOR56120642279 ,47B0000442822
25,230672,1.51E+14,2301945,SCR57091810261  ,15M2000229512
26,230672,1.51E+14,2302550,SCR57091810261  ,15M2000229513
27,230672,1.51E+14,2303183,SCR57091810261  ,15M1000260638
28,230672,1.51E+14,2302550,SCR57091810261  ,15M2000229515
29,230672,1.51E+14,2302550,SCR57091810261  ,15M2000229516
30,230672,1.51E+14,2303183,SCR57091810261  ,15M1000260634
31,230672,1.51E+14,2303183,SCR57091810261  ,15M1000260633
32,230672,1.51E+14,,SCR57091810261  ,15M1000260635
33,230672,1.51E+14,2303183,SCR57091810261  ,15M1000260636
34,230672,1.51E+14,2303183,SCR57091810261  ,15M1000260637
35,230672,1.51E+14,2301940,SCR57091810261  ,15M1000260642
36,230672,1.51E+14,2303295,SER94072310525  ,15M1000261234
37,230672,1.51E+14,,SER94072310525  ,15M1000261229
38,230672,1.51E+14,2303292,SER94072310525  ,15M1000261230
39,230672,1.51E+14,2303292,SER94072310525  ,15M1000261232
40,230672,1.51E+14,2303295,SER94072310525  ,15M1000261233
41,230672,1.51E+14,2303295,SER94072310525  ,15M1000261235
42,230672,1.51E+14,2303295,SER94072310525  ,15M1000261236
43,230672,1.51E+14,2303292,SER94072310525  ,15M1000261231
44,230672,1.51E+14,2303295,SER94072310525  ,15M1000261238
45,230672,1.51E+14,2303295,SER94072310525  ,15M1000261237
46,230672,4.71E+14,23E00910,ECOR94122111607 ,47B0000442968
47,230672,4.71E+14,23E00910,ECOR94122111607 ,47B0000442974
48,230672,4.71E+14,23E00910,ECOR94122111607 ,47B0000442972
49,230672,4.71E+14,23E00910,ECOR94122111607 ,47B0000442976
50,230672,4.71E+14,23E00910,ECOR94122111607 ,47B0000442966
51,230672,4.71E+14,23E00910,ECOR94122111607 ,47B0000442977
52,230672,4.71E+14,23F01060,ECOR94122111607 ,47B0000443444
53,230672,4.71E+14,,ECOR94122111607 ,47B0000442971
54,230672,4.71E+14,23E00910,ECOR94122111607 ,47B0000442980
55,230672,4.71E+14,23F01058,ECOR94122111607 ,47B0000443364
56,230672,4.71E+14,23E00910,ECOR94122111607 ,47B0000442975
57,230672,4.71E+14,23E00910,NER55040260488  ,47B0000442973
58,230672,4.71E+14,23E00906,NER55040260488  ,47B0000442957
59,230672,4.71E+14,23E00906,NER55040260488  ,47B0000442953
60,230672,4.71E+14,23E00906,NER55040260488  ,47B0000442958
61,230672,4.71E+14,23E00906,NER55040260488  ,47B0000442955
62,230672,4.71E+14,23E00906,NER55040260488  ,47B0000442949
63,230672,4.71E+14,23E00906,NER55040260488  ,47B0000442951
64,230672,4.71E+14,23E00906,NER55040260488  ,47B0000442964
65,230672,4.71E+14,23E00906,NER55040260488  ,47B0000442960
66,230672,4.71E+14,23E00906,NER55040260488  ,47B0000442962
67,230672,1.51E+14,2303247,SER94072310471  ,15M2000230024
68,230672,1.51E+14,2303247,SER94072310471  ,15M2000230025
69,230672,1.51E+14,2303264,SER94072310471  ,15M1000260960
70,230672,1.51E+14,2303264,SER94072310471  ,15M1000260959
71,230672,1.51E+14,2303247,SER94072310471  ,15M2000230026
72,230672,1.51E+14,2303258,SER94072310471  ,15M2000229949
73,230672,1.51E+14,2303258,SER94072310471  ,15M2000229951
74,230672,1.51E+14,2303264,SER94072310471  ,15M1000260956
75,230672,1.51E+14,2303258,SER94072310471  ,15M2000229950
76,230672,1.51E+14,2303282,SER94072310471  ,15M2000229956
77,230672,1.51E+14,2303299,SCR94091710115  ,15M1000261247
78,230672,1.51E+14,2303299,SCR94091710115  ,15M1000261248
79,230672,1.51E+14,2303299,SCR94091710115  ,15M1000261249
80,230672,1.51E+14,2303299,SCR94091710115  ,15M1000261245
81,230672,1.51E+14,2303299,SCR94091710115  ,15M1000261246
82,230672,1.51E+14,2303299,SCR94091710115  ,15M1000261243
83,230672,1.51E+14,2303295,SCR94091710115  ,15M1000261241
84,230672,1.51E+14,2303299,SCR94091710115  ,15M1000261242
85,230672,1.51E+14,2303295,SCR94091710115  ,15M1000261240
86,230672,1.51E+14,2303299,SCR94091710115  ,15M1000261244
87,230672,4.71E+14,23F01057,ER55020120351   ,47B0000443353
88,230672,4.71E+14,23F01057,ER55020120351   ,47B0000443352
89,230672,4.71E+14,23F01059,ER55020120351   ,47B0000443397
90,230672,4.71E+14,23F01059,ER55020120351   ,47B0000443393
91,230672,4.71E+14,23F01059,ER55020120351   ,47B0000443390
92,230672,4.71E+14,23F01059,ER55020120351   ,47B0000443395
93,230672,4.71E+14,23F01059,ER55020120351   ,47B0000443398
94,230672,4.71E+14,23F01057,ER55020120351   ,47B0000443343
95,230672,4.71E+14,23F01057,ER55020120351   ,47B0000443349
96,230672,4.71E+14,23F01057,ER55020120351   ,47B0000443351
97,230672,4.71E+14,23F01060,SECR94141593118 ,47B0000443495
98,230672,4.71E+14,23D00905,SECR94141593118 ,47B0000443492
99,230672,4.71E+14,23F01060,SECR94141593118 ,47B0000443496
100,230672,4.71E+14,23D00896,SECR94141593118 ,47B0000443420
101,230672,4.71E+14,23D00905,SECR94141593118 ,47B0000443479
102,230672,4.71E+14,23D00896,SECR94141593118 ,47B0000443413
103,230672,4.71E+14,23D00896,SECR94141593118 ,47B0000443414
104,230672,4.71E+14,23F01060,SECR94141593118 ,47B0000443445
105,230672,4.71E+14,23D00896,SECR94141593118 ,47B0000443418
106,230672,4.71E+14,23F01059,SECR94141593118 ,47B0000443403
107,230672,1.51E+14,2303292,SER55079960861  ,15M1000261226
108,230672,1.51E+14,2303292,SER55079960861  ,15M1000261223
109,230672,1.51E+14,,SER55079960861  ,15M1000261222
110,230672,1.51E+14,2303292,SER55079960861  ,15M1000261224
111,230672,1.51E+14,2302932,SER55079960861  ,15M1000261218
112,230672,1.51E+14,2303292,SER55079960861  ,15M1000261227
113,230672,1.51E+14,2303249,SER55079960861  ,15M1000261217
114,230672,1.51E+14,2302932,SER55079960861  ,15M1000261221
115,230672,1.51E+14,2302932,SER55079960861  ,15M1000261220
116,230672,1.51E+14,2303292,SER55079960861  ,15M1000261225
117,230672,1.51E+14,2302932,SER55079960861  ,15M1000261219
118,230672,4.71E+14,23F01058,SER94072310532  ,47B0000443359
119,230672,4.71E+14,23F01058,SER94072310532  ,47B0000443361
120,230672,4.71E+14,23F01058,SER94072310532  ,47B0000443374
121,230672,4.71E+14,23F01058,SER94072310532  ,47B0000443372
122,230672,4.71E+14,23F01058,SER94072310532  ,47B0000443363
123,230672,4.71E+14,23D00896,SER94072310532  ,47B0000443435
124,230672,4.71E+14,23F01058,SER94072310532  ,47B0000443375
125,230672,4.71E+14,23F01058,SER94072310532  ,47B0000443381
126,230672,4.71E+14,23F01058,SER94072310532  ,47B0000443377
127,230672,4.71E+14,23F01058,SER94072310532  ,47B0000443365
128,230672,4.71E+14,23F01058,SER94072310532  ,47B0000443367
129,230672,1.51E+14,2303183,SER94071576359  ,15M2000229536
130,230672,1.51E+14,2301985,SER94071576359  ,15M2000229524
131,230672,1.51E+14,2302550,SER94071576359  ,15M2000229518
132,230672,1.51E+14,2303183,SER94071576359  ,15M2000229539
133,230672,1.51E+14,2301985,SER94071576359  ,15M2000229520
134,230672,1.51E+14,2301985,SER94071576359  ,15M2000229521
135,230672,1.51E+14,2302485,SER94071576359  ,15M2000229529
136,230672,4.71E+14,23F01057,ECR94101711071  ,47B0000443347
137,230672,4.71E+14,23F01059,ECR94101711071  ,47B0000443394
138,230672,4.71E+14,23F01058,ECR94101711071  ,47B0000443357
139,230672,4.71E+14,23F01057,ECR94101711071  ,47B0000443346
140,230672,4.71E+14,23F01057,ECR94101711071  ,47B0000443355
141,230672,4.71E+14,23F01057,ECR94101711071  ,47B0000443344
142,230672,4.71E+14,23F01057,ECR94101711071  ,47B0000443342
143,230672,4.71E+14,23F01057,ECR94101711071  ,47B0000443348
144,230672,4.71E+14,23F01057,ECR94101711071  ,47B0000443350
145,230672,4.71E+14,23F01057,ECR94101711071  ,47B0000443345
146,230672,4.71E+14,23F01060,ECR94101711071  ,47B0000443441
147,230672,4.71E+14,23E00915,SER55070161847  ,47B0000442811
148,230672,4.71E+14,23F01058,SER55070161847  ,47B0000443376
149,230672,4.71E+14,23F01058,SER55070161847  ,47B0000443380
150,230672,4.71E+14,23F01058,SER55070161847  ,47B0000443373
151,230672,4.71E+14,23F01058,SER55070161847  ,47B0000443379
152,230672,4.71E+14,23F01059,SER55070161847  ,47B0000443386
153,230672,4.71E+14,23F01059,SER55070161847  ,47B0000443384
154,230672,4.51E+14,23E00994,SER55070063691  ,45B0046011353
155,230672,4.51E+14,23E00994,SER55070063691  ,45B0046010569
156,230672,4.51E+14,23E00994,SER55070063691  ,45M0046013220
157,230672,4.51E+14,23E00994,SER55070063691  ,45B0046011109
158,230672,4.51E+14,23E00994,SER55070063691  ,45B0046010570
159,230672,4.51E+14,23E00994,SER55070063691  ,45B0046010826
160,230672,4.51E+14,23E00994,SER55070063691  ,45B0046011341
161,230672,4.51E+14,23E00994,SER55070063691  ,45B0046011095
162,230672,4.51E+14,23E00994,SER55070063691  ,45B0046010870
163,230672,4.51E+14,23E00994,SER55070063691  ,45B0046011340
164,230672,4.51E+14,23E00994,SER55070063691  ,45B0046010856
165,230672,4.51E+14,23E00994,SER55070063691  ,45B0046010359
166,230672,1.51E+14,2303258,SR94061711098   ,15M2000229947
167,230672,1.51E+14,2303258,SR94061711098   ,15M2000229948
168,230672,1.51E+14,2303258,SR94061711098   ,15M2000229952
169,230672,1.51E+14,2303282,SR94061711098   ,15M2000229953
170,230672,1.51E+14,2303282,SR94061711098   ,15M2000229954
171,230672,1.51E+14,2303282,SR94061711098   ,15M2000229955
172,230672,1.51E+14,2303309,SR94061711098   ,15M1000261287
173,230672,1.51E+14,2303309,SR94061711098   ,15M1000261286
174,230672,1.51E+14,2303312,SR94061711098   ,15M1000261296
175,230672,1.51E+14,2303309,SR94061711098   ,15M1000261290
176,230672,1.51E+14,2303309,SR94061711098   ,15M1000261292
177,230672,1.71E+14,2302804,WCR94161351484  ,17P1648915397
178,230672,1.71E+14,2302804,WCR94161351484  ,17P1648915400
179,230672,1.71E+14,2302808,WCR94161351484  ,17P1648975326
180,230672,1.71E+14,2302804,WCR94161351484  ,17P1648975329
181,230672,1.71E+14,2302804,WCR94161351484  ,17P1648975330
182,230672,1.71E+14,2302804,WCR94161351484  ,17P1648975332
183,230672,1.71E+14,2302804,WCR94161351484  ,17P1648975333
184,230672,4.51E+14,23E00996,SER94071359136  ,45B0046012153
185,230672,4.51E+14,,SER94071359136  ,45B0046012091
186,230672,4.51E+14,23E00996,SER94071359136  ,45B0046011883
187,230672,4.51E+14,23E00996,SER94071359136  ,45B0046012970
188,230672,4.51E+14,23D00971,SER94071359136  ,45B0046013651
189,230672,4.71E+14,23D00920,ER55020160470   ,47B0000444191
190,230672,4.71E+14,23D00888,ER55020160470   ,47B0000444206
191,230672,4.71E+14,23D00888,ER55020160470   ,47B0000444204
192,230672,4.71E+14,23D00888,ER55020160470   ,47B0000444202
193,230672,4.71E+14,23D00920,ER55020160470   ,47B0000444193
194,230672,4.71E+14,23D00888,ER55020160470   ,47B0000444200
195,230672,4.71E+14,23D00888,ER55020160470   ,47B0000444199
196,230672,4.71E+14,23D00920,ER55020160470   ,47B0000444188
197,230672,4.71E+14,23D00920,ER55020160470   ,47B0000444196
198,230672,4.51E+14,23D00968,NCR94131363325  ,45B0046008805
199,230672,4.51E+14,23D00968,NCR94131363325  ,45B0046008832
200,230672,4.51E+14,23D00968,NCR94131363325  ,45B0046007694
201,230672,4.51E+14,23E00924,NCR94131363325  ,45B0046001071
202,230672,4.51E+14,23D00968,NCR94131363325  ,45B0046007620
203,230672,4.51E+14,23E00923,NCR94131363325  ,45B0046001566
204,230672,4.51E+14,23D00968,NCR94131363325  ,45B0046007693
205,230672,4.51E+14,23D00968,NCR94131363325  ,45B0046007866
206,230672,4.51E+14,23D00968,NCR94131363325  ,45B0046007454
207,230672,4.51E+14,23D00968,NCR94131363325  ,45B0046007695
208,230672,4.51E+14,23D00968,NCR94131363325  ,45B0046007899
209,230672,4.51E+14,23D00968,NCR94131363325  ,45B0046007896
210,230672,4.51E+14,23E00923,NCR94131363325  ,45B0046001171
211,230672,4.51E+14,23D00968,NCR94131363325  ,45B0046007458
212,230672,4.51E+14,23E00923,NCR94131363325  ,45B0046001413
213,230672,4.51E+14,23E00923,NCR94131363325  ,45B0046001563
214,230672,4.51E+14,23E00996,NR94031810400   ,45B0046012746
215,230672,4.51E+14,23E00996,NR94031810400   ,45B0046012648
216,230672,4.51E+14,23E00996,NR94031810400   ,45B0046011643
217,230672,4.51E+14,23E00996,NR94031810400   ,45B0046011641
218,230672,4.51E+14,23E00996,NR94031810400   ,45B0046012464
219,230672,4.51E+14,23E00996,NR94031810400   ,45B0046012088
220,230672,4.51E+14,23E00996,NR94031810400   ,45B0046012460
221,230672,4.51E+14,23E00996,NR94031810400   ,45B0046012303
222,230672,4.51E+14,23E00996,NR94031810400   ,45B0046011958
223,230672,4.51E+14,23E00996,NR94031810400   ,45B0046011877
224,230672,4.51E+14,23E00996,NR94031810400   ,45B0046011872
225,230672,4.51E+14,23E00996,NR94031810400   ,45B0046012745
226,230672,4.51E+14,23E00996,NR94031810400   ,45B0046012491
227,230672,4.51E+14,23E00996,NR94031810400   ,45B0046012307
228,230672,4.51E+14,23E00996,NR94031810400   ,45B0046012302
229,230672,4.51E+14,23E00996,NR94031810400   ,45B0046012778
230,230672,4.51E+14,23F00879,SECR57140324077 ,45B0045832787
231,230672,4.51E+14,23E00947,SECR57140324077 ,45B0045933479
232,230672,4.51E+14,23E00947,SECR57140324077 ,45B0045934069
233,230672,4.51E+14,23F01070,SECR57140324077 ,45B0045933223
234,230672,4.51E+14,23E00947,SECR57140324077 ,45B0045933707
235,230672,4.51E+14,23F01070,SECR57140324077 ,45B0045932939
236,230672,4.51E+14,23E00947,SECR57140324077 ,45B0045934049
237,230672,4.51E+14,23E00947,SECR57140324077 ,45B0045933792
238,230672,4.51E+14,23F01070,SECR57140324077 ,45B0045932808
239,230672,4.51E+14,23F01070,SECR57140324077 ,45B0045933226
240,230672,4.51E+14,23E00947,SECR57140324077 ,45B0045934346
241,230672,4.51E+14,23F01070,SECR57140324077 ,45B0045933114
242,230672,4.51E+14,23E00947,SECR57140324077 ,45B0045933483
243,230672,4.51E+14,23F01070,SECR57140324077 ,45B0045933022
244,230672,4.51E+14,23E00947,SECR57140324077 ,45B0045934062
245,230672,4.51E+14,23F01070,SECR57140324077 ,45B0045933118
246,230672,1.51E+14,2303291,SECR94141217724 ,15M2000230018
247,230672,1.51E+14,2303291,SECR94141217724 ,15M2000230019
248,230672,1.51E+14,2303283,SECR94141217724 ,15M1000261165
249,230672,1.51E+14,2303247,SECR94141217724 ,15M2000230022
250,230672,1.51E+14,2303291,SECR94141217724 ,15M2000230016
251,230672,1.51E+14,2303291,SECR94141217724 ,15M2000230017
252,230672,1.51E+14,2303289,SECR94141217724 ,15M1000261159
253,230672,1.51E+14,2303289,SECR94141217724 ,15M1000261158
254,230672,1.51E+14,2303289,SECR94141217724 ,15M1000261160
255,230672,4.51E+14,23E00996,SER94071359136  ,45B0046013093
256,230672,4.51E+14,23E00996,SER94071359136  ,45B0046013333
257,230672,4.51E+14,23D00971,SER94071359136  ,45B0046013439
258,230672,4.51E+14,23D00971,SER94071359136  ,45B0046013438
259,230672,4.51E+14,23E00996,SER94071359136  ,45B0046013172
260,230672,4.51E+14,23E00996,SER94071359136  ,45B0046012777
261,230672,4.51E+14,23E00996,SER94071359136  ,45B0046013209
262,230672,4.51E+14,,SER94071359136  ,45B0046013253
263,230672,4.51E+14,23D00971,SER94071359136  ,45B0046013656
264,230672,4.51E+14,23D00971,SER94071359136  ,45B0046013676
265,230672,4.51E+14,23D00971,SER94071359136  ,45B0046013901
266,230672,1.51E+14,2303249,SECR94141218226 ,15M1000261215
267,230672,1.51E+14,2303249,SECR94141218226 ,15M1000261210
268,230672,1.51E+14,2303249,SECR94141218226 ,15M1000261212
269,230672,1.51E+14,2303249,SECR94141218226 ,15M1000261211
270,230672,1.51E+14,2303249,SECR94141218226 ,15M1000261208
271,230672,1.51E+14,2303249,SECR94141218226 ,15M1000261209
272,230672,1.51E+14,2303249,SECR94141218226 ,15M1000261206
273,230672,1.51E+14,2303249,SECR94141218226 ,15M1000261214
274,230672,1.51E+14,2303249,SECR94141218226 ,15M1000261207
275,230672,1.51E+14,2303249,SECR94141218226 ,15M1000261213
276,230672,1.51E+14,2301940,SER94072310327  ,15M2000229546
277,230672,1.51E+14,2301940,SER94072310327  ,15M2000229550
278,230672,1.51E+14,2303183,SER94072310327  ,15M2000229538
279,230672,1.51E+14,2301940,SER94072310327  ,15M2000229548
280,230672,1.51E+14,,SER94072310327  ,15M2000229547
281,230672,1.51E+14,2303183,SER94072310327  ,15M2000229535
282,230672,1.51E+14,2302485,SER94072310327  ,15M2000229531
283,230672,1.51E+14,2303183,SER94072310327  ,15M2000229540
284,230672,1.51E+14,2303183,SER94072310327  ,15M2000229532
285,230672,1.51E+14,2302550,SER94072310327  ,15M2000229517
286,230672,1.51E+14,2303183,SER94072310327  ,15M2000229534
287,230672,4.71E+14,23D00888,ER55020160470   ,47B0000444198
288,230672,4.71E+14,23D00920,ER55020160470   ,47B0000444195
289,230672,1.51E+14,2301985,SER94071576359  ,15M2000229522
290,230672,1.51E+14,2303183,SER94071576359  ,15M2000229533
291,230672,1.51E+14,2301985,SER94071576359  ,15M2000229519
292,230672,1.51E+14,2303183,SER94071576359  ,15M2000229537
293,230672,1.51E+14,2303291,SER94072310501  ,15M2000230013
294,230672,1.51E+14,2303264,SER94072310501  ,15M1000260957
295,230672,1.51E+14,2303247,SER94072310501  ,15M2000230021
296,230672,1.51E+14,2303264,SER94072310501  ,15M1000260958
297,230672,1.51E+14,2303291,SER94072310501  ,15M2000230015
298,230672,1.51E+14,2303291,SER94072310501  ,15M2000230012
299,230672,1.51E+14,2303291,SER94072310501  ,15M2000230011
300,230672,1.51E+14,2303282,SER94072310501  ,15M2000229957
301,230672,1.51E+14,2303291,SER94072310501  ,15M2000230014
302,230672,1.51E+14,2303247,SER94072310501  ,15M2000230020
303,230672,4.71E+14,23F01024,SER94072310495  ,47B0000442775
304,230672,4.71E+14,23F01060,SER94072310495  ,47B0000443450
305,230672,4.71E+14,23F01023,SER94072310495  ,47B0000442783
306,230672,4.71E+14,23F01022,SER94072310495  ,47B0000442765
307,230672,4.71E+14,23F01023,SER94072310495  ,47B0000442770
308,230672,4.71E+14,,SER94072310495  ,47B0000442773
309,230672,4.71E+14,23F01024,SER94072310495  ,47B0000442762
310,230672,4.71E+14,23F01023,SER94072310495  ,47B0000442778
311,230672,4.71E+14,23F01023,SER94072310495  ,47B0000442766
312,230672,4.71E+14,23F01023,SER94072310495  ,47B0000442768
313,230672,4.71E+14,23F01024,SER94072310495  ,47B0000442764
314,230672,1.51E+14,2303292,SER94072310518  ,15M2000230059
315,230672,1.51E+14,2303292,SER94072310518  ,15M2000230058
316,230672,1.51E+14,2303292,SER94072310518  ,15M2000230055
317,230672,1.51E+14,2303292,SER94072310518  ,15M2000230057
318,230672,1.51E+14,2303292,SER94072310518  ,15M2000230053
319,230672,1.51E+14,2303292,SER94072310518  ,15M2000230052
320,230672,1.51E+14,2303292,SER94072310518  ,15M2000230054
321,230672,1.51E+14,2302932,SER94072310518  ,15M2000230051
322,230672,1.51E+14,2303292,SER94072310518  ,15M2000230056
323,230672,1.51E+14,2302932,SER94072310518  ,15M2000230050
324,230672,4.71E+14,23F01034,SER94072310570  ,47B0000444262
325,230672,4.71E+14,23F01092,SER94072310570  ,47B0000444275
326,230672,4.71E+14,23D00935,SER94072310570  ,47B0000444250
327,230672,4.71E+14,23D00898,SER94072310570  ,47B0000444259
328,230672,4.71E+14,23F01092,SER94072310570  ,47B0000444273
329,230672,4.71E+14,23F01092,SER94072310570  ,47B0000444276
330,230672,4.71E+14,23D00935,SER94072310570  ,47B0000444248
331,230672,4.71E+14,23F01092,SER94072310570  ,47B0000444274
332,230672,4.71E+14,23D00935,SER94072310570  ,47B0000444253
333,230672,1.51E+14,2302550,SER94072310549  ,15M2000229511
334,230672,1.51E+14,2301945,SER94072310549  ,15M2000229508
335,230672,1.51E+14,2301945,SER94072310549  ,15M2000229507
336,230672,1.51E+14,2301945,SER94072310549  ,15M2000229509
337,230672,1.51E+14,2301945,SER94072310549  ,15M2000229506
338,230672,1.51E+14,2302550,SER94072310549  ,15M2000229510
339,230672,1.51E+14,2302485,SER94072310549  ,15M2000229527
340,230672,1.51E+14,2302485,SER94072310549  ,15M2000229528
341,230672,1.51E+14,2302485,SER94072310549  ,15M2000229526
342,230672,1.51E+14,2303182,SER94072310563  ,15M1000260651
343,230672,1.51E+14,2301940,SER94072310563  ,15M1000260648
344,230672,1.51E+14,2302287,SER94072310563  ,15M1000260375
345,230672,1.51E+14,2302287,SER94072310563  ,15M1000260373
346,230672,1.51E+14,2301940,SER94072310563  ,15M1000260645
347,230672,1.51E+14,2303182,SER94072310563  ,15M1000260650
348,230672,1.51E+14,2301940,SER94072310563  ,15M1000260649
349,230672,1.51E+14,2301940,SER94072310563  ,15M1000260647
350,230672,1.51E+14,2303122,SER94072310563  ,15M1000260377
351,230672,1.51E+14,2301940,SER94072310563  ,15M1000260646
352,230672,4.51E+14,23F01075,ER94021329387   ,45B0045959554
353,230672,4.51E+14,23F01075,ER94021329387   ,45B0045959097
354,230672,4.51E+14,23F01047,ER94021329387   ,45B0045958453
355,230672,4.51E+14,23F01075,ER94021329387   ,45B0045959556
356,230672,4.51E+14,23F01075,ER94021329387   ,45B0045959532
357,230672,4.51E+14,23F01075,ER94021329387   ,45B0045959425
358,230672,4.51E+14,23F01075,ER94021329387   ,45B0045959269
359,230672,4.51E+14,23F01075,ER94021329387   ,45B0045959267
360,230672,4.51E+14,23F01075,ER94021329387   ,45B0045960016
361,230672,4.51E+14,23F01075,ER94021329387   ,45B0045959777
362,230672,4.51E+14,,ER94021329387   ,45B0045960060
363,230672,4.51E+14,23F01075,ER94021329387   ,45B0045959789
364,230672,4.51E+14,23F01075,ER94021329387   ,45B0045959510
365,230672,4.51E+14,23F01075,ER94021329387   ,45B0045959095
366,230672,4.51E+14,23F01075,ER94021329387   ,45B0045959360
367,230672,4.51E+14,,ER94021329387   ,45B0045959361
368,230672,4.51E+14,23F01075,ER94021329387   ,45B0045959060
369,230672,4.51E+14,23D00971,ER94022110809   ,45B0046015340
370,230672,4.51E+14,23D00971,ER94022110809   ,45B0046014519
371,230672,4.51E+14,23D00971,ER94022110809   ,45B0046014734
372,230672,4.51E+14,23E00996,ER94022110809   ,45B0046015545
373,230672,4.51E+14,23D00971,ER94022110809   ,45B0046015302
374,230672,4.51E+14,23D00971,ER94022110809   ,45B0046015506
375,230672,4.51E+14,23D00971,ER94022110809   ,45B0046015396
376,230672,4.51E+14,23D00971,ER94022110809   ,45B0046015525
377,230672,4.51E+14,,ER94022110809   ,45B0046015395
378,230672,4.51E+14,23D00971,ER94022110809   ,45B0046015397
379,230672,4.51E+14,23D00971,ER94022110809   ,45B0046015014
380,230672,4.51E+14,23E00996,ER94022110809   ,45B0046011874
381,230672,4.51E+14,23E00996,ER94022110809   ,45B0046012326
382,230672,4.51E+14,23E00996,ER94022110809   ,45B0046012466
383,230672,4.51E+14,23E00996,ER94022110809   ,45B0046012960
384,230672,4.51E+14,23E00996,ER94022110809   ,45B0046012749
385,230672,4.51E+14,23E00994,SER55070063691  ,45B0046011101
386,230672,4.51E+14,23E00994,SER55070063691  ,45B0046011300
387,230672,4.51E+14,23E00994,SER55070063691  ,45B0046011115
388,230672,4.51E+14,,SER55070063691  ,45B0046010571
389,230672,4.51E+14,23E00994,SER55070063691  ,45B0046011476
390,230672,1.51E+14,2303289,SECR94141217724 ,15M1000261156
391,230672,1.51E+14,2303289,SECR94141217724 ,15M1000261157
392,230672,1.51E+14,2303249,NR94031711264   ,15M2000230040
393,230672,1.51E+14,2302932,NR94031711264   ,15M2000230049
394,230672,1.51E+14,2303249,NR94031711264   ,15M2000230048
395,230672,1.51E+14,2303249,NR94031711264   ,15M2000230045
396,230672,1.51E+14,2303249,NR94031711264   ,15M2000230041
397,230672,1.51E+14,,NR94031711264   ,15M2000230039
398,230672,1.51E+14,2303249,NR94031711264   ,15M2000230042
399,230672,1.51E+14,2303249,NR94031711264   ,15M2000230043
400,230672,1.51E+14,2303249,NR94031711264   ,15M2000230044
401,230672,1.51E+14,2303249,NR94031711264   ,15M2000230047
402,230672,1.51E+14,2303249,NR94031711264   ,15M2000230046
403,230672,1.51E+14,2303153,ER94022110878   ,15M2000229375
404,230672,1.51E+14,2303147,ER94022110878   ,15M2000229367
405,230672,1.51E+14,,ER94022110878   ,15M2000229370
406,230672,1.51E+14,2303147,ER94022110878   ,15M2000229369
407,230672,1.51E+14,2303153,ER94022110878   ,15M2000229374
408,230672,1.51E+14,2303153,ER94022110878   ,15M2000229373
409,230672,1.51E+14,2303147,ER94022110878   ,15M2000229368
410,230672,1.51E+14,2303160,ER94022110878   ,15M2000229366
411,230672,1.51E+14,2303160,ER94022110878   ,15M2000229365
412,230672,1.51E+14,2303163,ER94022110878   ,15M2000229489
413,230672,1.51E+14,2303176,ER94022110878   ,15M2000229484
414,230672,4.71E+14,23D00905,SCR94092110532  ,47B0000443459
415,230672,4.71E+14,23E00913,SCR94092110532  ,47B0000442840
416,230672,4.71E+14,23F01024,SCR94092110532  ,47B0000442758
417,230672,4.71E+14,23E00913,SCR94092110532  ,47B0000442843
418,230672,4.71E+14,,SCR94092110532  ,47B0000442845
419,230672,4.71E+14,23E00913,SCR94092110532  ,47B0000442842
420,230672,4.71E+14,23E00914,SCR94092110532  ,47B0000442839
421,230672,4.71E+14,23E00915,SCR94092110532  ,47B0000442792
422,230672,4.71E+14,23E00915,SCR94092110532  ,47B0000442795
423,230672,4.71E+14,23E00915,SCR94092110532  ,47B0000442793
424,230672,4.71E+14,23F01057,SCR94092110532  ,47B0000443341
425,230672,1.51E+14,2303283,SER94071256336  ,15M2000230002
426,230672,1.51E+14,2303283,SER94071256336  ,15M2000230003
427,230672,1.51E+14,2303283,SER94071256336  ,15M2000230006
428,230672,1.51E+14,2303283,SER94071256336  ,15M2000230000
429,230672,1.51E+14,,SER94071256336  ,15M2000230001
430,230672,1.51E+14,2303283,SER94071256336  ,15M2000230008
431,230672,1.51E+14,2303291,SER94071256336  ,15M2000230010
432,230672,1.51E+14,2303283,SER94071256336  ,15M2000230004
433,230672,1.51E+14,2303283,SER94071256336  ,15M2000230007
434,230672,1.51E+14,2303283,SER94071256336  ,15M2000230005
435,230672,1.51E+14,2303291,SER94071256336  ,15M2000230009
436,230672,4.71E+14,23D00896,SECR55140313732 ,47B0000443412
437,230672,4.71E+14,23D00903,SECR55140313732 ,47B0000443578
438,230672,4.71E+14,,SECR55140313732 ,47B0000443581
439,230672,4.71E+14,23D00903,SECR55140313732 ,47B0000443597
440,230672,4.71E+14,23D00903,SECR55140313732 ,47B0000443600
441,230672,4.71E+14,23D00903,SECR55140313732 ,47B0000443591
442,230672,4.71E+14,23D00903,SECR55140313732 ,47B0000443586
443,230672,4.71E+14,23D00903,SECR55140313732 ,47B0000443587
444,230672,4.71E+14,23D00903,SECR55140313732 ,47B0000443595
445,230672,4.71E+14,23F01059,SCR55090160103  ,47B0000443406
446,230672,4.71E+14,23D00896,SCR55090160103  ,47B0000443408
447,230672,4.71E+14,23F01059,SCR55090160103  ,47B0000443402
448,230672,4.71E+14,23F01059,SCR55090160103  ,47B0000443396
449,230672,4.71E+14,23F01059,SCR55090160103  ,47B0000443401
450,230672,4.71E+14,23F01059,SCR55090160103  ,47B0000443404
451,230672,4.71E+14,23F01059,SCR55090160103  ,47B0000443391
452,230672,4.71E+14,23F01059,SCR55090160103  ,47B0000443392
453,230672,4.71E+14,23F01059,SCR55090160103  ,47B0000443399
454,230672,4.71E+14,23D00896,SCR55090160103  ,47B0000443410
455,230672,1.51E+14,2303295,SECR94141358175 ,15M2000230069
456,230672,1.51E+14,2303295,SECR94141358175 ,15M2000230071
457,230672,1.51E+14,2303295,SECR94141358175 ,15M2000230070
458,230672,1.51E+14,2303295,SECR94141358175 ,15M2000230064
459,230672,1.51E+14,2303292,SECR94141358175 ,15M2000230062
460,230672,1.51E+14,2303295,SECR94141358175 ,15M2000230068
461,230672,1.51E+14,2303295,SECR94141358175 ,15M2000230065
462,230672,1.51E+14,2303295,SECR94141358175 ,15M2000230063
463,230672,1.51E+14,2303292,SECR94141358175 ,15M2000230061
464,230672,1.51E+14,2303295,SECR94141358175 ,15M2000230066
465,230672,4.71E+14,23D00905,NR55030121539   ,47B0000443453
466,230672,4.71E+14,23D00905,NR55030121539   ,47B0000443457
467,230672,4.71E+14,23D00896,NR55030121539   ,47B0000443428
468,230672,4.71E+14,23D00905,NR55030121539   ,47B0000443469
469,230672,4.71E+14,23D00896,NR55030121539   ,47B0000443427
470,230672,4.71E+14,23D00905,NR55030121539   ,47B0000443476
471,230672,4.71E+14,23D00905,NR55030121539   ,47B0000443466
472,230672,4.71E+14,23D00905,NR55030121539   ,47B0000443464
473,230672,4.71E+14,23D00905,NR55030121539   ,47B0000443472
474,230672,4.71E+14,23D00896,NR55030121539   ,47B0000443422
475,230672,1.51E+14,2303299,NCR94131363349  ,15M2000230082
476,230672,1.51E+14,2303299,NCR94131363349  ,15M2000230079
477,230672,1.51E+14,,NCR94131363349  ,15M2000230076
478,230672,1.51E+14,2303299,NCR94131363349  ,15M2000230073
479,230672,1.51E+14,2303299,NCR94131363349  ,15M2000230078
480,230672,1.51E+14,2303299,NCR94131363349  ,15M2000230075
481,230672,1.51E+14,2303299,NCR94131363349  ,15M2000230081
482,230672,1.51E+14,2303299,NCR94131363349  ,15M2000230074
483,230672,1.51E+14,,NCR94131363349  ,15M2000230080
484,230672,1.51E+14,2303299,NCR94131363349  ,15M2000230077
