SNO,Heat No
1,23F01059
2,23F01058
3,23F01058
4,23F01035
5,
6,23F01035
7,23D00904
8,23D00904
9,23D00917
10,23F01059
11,23F01059
12,23F01058
13,
14,23D00904
15,23E00914
16,23E00914
17,23E00915
18,23E00915
19,23E00914
20,
21,23E00914
22,23E00906
23,23E00915
24,23E00914
25,2301945
26,2302550
27,2303183
28,2302550
29,2302550
30,2303183
31,2303183
32,
33,2303183
34,2303183
35,2301940
36,2303295
37,2303292
38,
39,2303292
40,2303295
41,2303295
42,
43,2303292
44,2303295
45,2303295
46,23E00910
47,
48,23E00910
49,
50,23E00910
51,23E00910
52,23F01060
53,23E00910
54,
55,23F01058
56,23E00910
57,23E00910
58,23E00906
59,23E00906
60,
61,23E00906
62,23E00906
63,23E00906
64,23E00906
65,
66,23E00906
67,2303247
68,2303247
69,2303264
70,2303264
71,2303247
72,2303258
73,2303258
74,2303264
75,2303258
76,2303282
77,2303299
78,
79,2303299
80,
81,2303299
82,2303299
83,2303295
84,2303299
85,2303295
86,2303299
87,23F01057
88,23F01057
89,
90,
91,23F01059
92,23F01059
93,23F01059
94,23F01057
95,23F01057
96,23F01057
97,23F01060
98,23D00905
99,23F01060
100,23D00896
101,23D00905
102,23D00896
103,23D00896
104,23F01060
105,23D00896
106,23F01059
107,2303292
108,2303292
109,
110,2303292
111,2302932
112,2303292
113,2303249
114,2302932
115,2302932
116,2303292
117,2302932
118,23F01058
119,23F01058
120,
121,23F01058
122,23F01058
123,23D00896
124,23F01058
125,
126,23F01058
127,
128,23F01058
129,2303183
130,2301985
131,2302550
132,2303183
133,2301985
134,2301985
135,2302485
136,23F01057
137,23F01059
138,23F01058
139,23F01057
140,
141,23F01057
142,
143,23F01057
144,23F01057
145,23F01057
146,23F01060
147,23E00915
148,23F01058
149,23F01058
150,
151,23F01058
152,23F01059
153,23F01059
154,23E00994
155,
156,
157,
158,23E00994
159,23E00994
160,23E00994
161,23E00994
162,
163,23E00994
164,23E00994
165,23E00994
166,2303258
167,
168,2303258
169,2303282
170,
171,2303282
172,2303309
173,2303309
174,2303312
175,2303309
176,2303309
177,2302804
178,2302804
179,2302808
180,2302804
181,
182,2302804
183,2302804
184,23E00996
185,23E00996
186,
187,23E00996
188,23D00971
189,23D00920
190,23D00888
191,23D00888
192,23D00888
193,23D00920
194,23D00888
195,23D00888
196,23D00920
197,23D00920
198,23D00968
199,
200,23D00968
201,23E00924
202,23D00968
203,23E00923
204,23D00968
205,23D00968
206,
207,23D00968
208,23D00968
209,23D00968
210,23E00923
211,23D00968
212,23E00923
213,23E00923
214,23E00996
215,23E00996
216,23E00996
217,
218,23E00996
219,
220,23E00996
221,
222,23E00996
223,23E00996
224,23E00996
225,23E00996
226,23E00996
227,23E00996
228,
229,23E00996
230,23F00879
231,23E00947
232,23E00947
233,23F01070
234,23E00947
235,23F01070
236,23E00947
237,23E00947
238,23F01070
239,23F01070
240,23E00947
241,23F01070
242,23E00947
243,23F01070
244,23E00947
245,23F01070
246,2303291
247,2303291
248,2303283
249,2303247
250,2303291
251,2303291
252,2303289
253,2303289
254,2303289
255,23E00996
256,23E00996
257,23D00971
258,23D00971
259,23E00996
260,
261,23E00996
262,23E00996
263,23D00971
264,23D00971
265,23D00971
266,2303249
267,2303249
268,2303249
269,2303249
270,2303249
271,
272,2303249
273,2303249
274,2303249
275,2303249
276,2301940
277,2301940
278,2303183
279,2301940
280,2301940
281,2303183
282,2302485
283,2303183
284,2303183
285,2302550
286,2303183
287,23D00888
288,23D00920
289,2301985
290,2303183
291,2301985
292,2303183
293,2303291
294,2303264
295,2303247
296,2303264
297,2303291
298,
299,2303291
300,2303282
301,2303291
302,2303247
303,23F01024
304,23F01060
305,23F01023
306,23F01022
307,23F01023
308,23F01023
309,23F01024
310,23F01023
311,
312,23F01023
313,23F01024
314,2303292
315,2303292
316,
317,2303292
318,2303292
319,2303292
320,
321,2302932
322,2303292
323,2302932
324,23F01034
325,23F01092
326,23D00935
327,23D00898
328,23F01092
329,23F01092
330,23D00935
331,23F01092
332,23D00935
333,2302550
334,2301945
335,
336,2301945
337,2301945
338,2302550
339,2302485
340,2302485
341,2302485
342,2303182
343,2301940
344,2302287
345,2302287
346,2301940
347,2303182
348,2301940
349,2301940
350,2303122
351,2301940
352,23F01075
353,23F01075
354,23F01047
355,23F01075
356,23F01075
357,23F01075
358,23F01075
359,
360,23F01075
361,23F01075
362,23F01075
363,23F01075
364,
365,23F01075
366,23F01075
367,23F01075
368,23F01075
369,23D00971
370,23D00971
371,23D00971
372,23E00996
373,23D00971
374,23D00971
375,
376,23D00971
377,23D00971
378,23D00971
379,23D00971
380,23E00996
381,23E00996
382,
383,23E00996
384,23E00996
385,23E00994
386,23E00994
387,
388,23E00994
389,23E00994
390,2303289
391,2303289
392,2303249
393,2302932
394,2303249
395,2303249
396,
397,2303249
398,2303249
399,2303249
400,2303249
401,2303249
402,2303249
403,2303153
404,2303147
405,2303147
406,2303147
407,2303153
408,2303153
409,2303147
410,2303160
411,2303160
412,2303163
413,2303176
414,23D00905
415,
416,23F01024
417,23E00913
418,23E00913
419,23E00913
420,23E00914
421,23E00915
422,23E00915
423,23E00915
424,23F01057
425,2303283
426,2303283
427,
428,2303283
429,2303283
430,2303283
431,2303291
432,2303283
433,2303283
434,2303283
435,2303291
436,23D00896
437,23D00903
438,23D00903
439,23D00903
440,23D00903
441,
442,23D00903
443,23D00903
444,23D00903
445,23F01059
446,23D00896
447,23F01059
448,
449,23F01059
450,
451,23F01059
452,23F01059
453,23F01059
454,23D00896
455,2303295
456,2303295
457,2303295
458,
459,2303292
460,2303295
461,2303295
462,2303295
463,2303292
464,2303295
465,23D00905
466,23D00905
467,23D00896
468,23D00905
469,23D00896
470,23D00905
471,23D00905
472,23D00905
473,
474,23D00896
475,2303299
476,2303299
477,
478,2303299
479,2303299
480,2303299
481,2303299
482,
483,2303299
484,2303299
